gemeente,gemeentecode,provincie,transacties,transacties_gemeente,onderzoek_nodig,onderzoek,afgerond,resultaat,onafhankelijk,uitgevoerd_door,compensatie,rapport,onafhankelijk_uitgevoerd,alle_transacties_onderzocht,gemeentelijke_transacties_onderzocht,scope_voorbij_verkaufsbucher,actieve_rol_gemeente_bezetting,rechtsherstel_onderzocht,naoorlogse_behandeling_onderzocht,naheffingen_onderzocht,gemeenschap_betrokken
Aa en Hunze,GM1680,Drenthe,6,,,Y,Y,Erkenning,Y,Drents Archief,-,https://github.com/kroncrv/vastgoedboeken/blob/main/rapporten/Aa%20en%20Hunze.pdf,Ja,Nee,nvt,Ja,Ja,Ja,Ja,Ja,Nee
Aalsmeer,GM0358,Noord-Holland,2,,,Y,Y,Publicatie,Y,Radboud Universiteit (Advies & Actualiteit),-,https://github.com/kroncrv/vastgoedboeken/blob/main/rapporten/Aalsmeer%2C%20Amstelveen%2C%20Beverwijk%2C%20Bloemendaal%2C%20Haarlemmermeer%2C%20Heemskerk%2C%20Heemstede%2C%20Uitgeest%2C%20Uithoorn%2C%20Velsen%2C%20Zandvoort.pdf,Ja,Ja,nvt,Ja,Ja,Ja,Ja,Ja,Ja
Aalten,GM0197,Gelderland,23,,Y,Y,Y,Erkenning,Y,Radboud Universiteit (Advies & Actualiteit),-,https://github.com/kroncrv/vastgoedboeken/blob/main/rapporten/Aalten%2C%20Berkelland%2C%20Bronckhorst%2C%20Oude%20IJsselstreek%2C%20Oost%20Gelre.pdf,Ja,Ja,nvt,Ja,Ja,Ja,Nee,Ja,Nee
Alkmaar,GM0361,Noord-Holland,75,,Y,Y,Y,Erkenning,Y,Radboud Universiteit (Advies & Actualiteit),-,https://github.com/kroncrv/vastgoedboeken/blob/main/rapporten/Alkmaar.pdf,Ja,Ja,nvt,Ja,Ja,Ja,Ja,Ja,Ja
Almelo,GM0141,Overijssel,60,,Y,Y,,,Y,De Overijssel Academie,,,,,,,,,,,
Alphen aan den Rijn,GM0484,Zuid-Holland,18,,Y,Y,Y,Beperkt vooronderzoek,N,Gemeente,-,https://github.com/kroncrv/vastgoedboeken/blob/main/rapporten/Alphen%20aan%20den%20Rijn.pdf,Nee,Nee,nvt,Nee,Nee,Nee,Nee,Nee,Nee
Altena,GM1959,Noord-Brabant,5,1,Y,Y,Y,Beperkt vooronderzoek,N,Gemeente,-,,,,,,,,,,
Amersfoort,GM0307,Utrecht,89,,Y,Y,Y,Moreel rechtsherstel,Y,Maarten-Jan Vos (Historisch onderzoek & meer),€160.000,https://github.com/kroncrv/vastgoedboeken/blob/main/rapporten/Amersfoort.pdf,Ja,Ja,nvt,Ja,Ja,Ja,Ja,Ja,Ja
Amstelveen,GM0362,Noord-Holland,22,,Y,Y,Y,Erkenning,Y,Radboud Universiteit (Advies & Actualiteit),-,https://github.com/kroncrv/vastgoedboeken/blob/main/rapporten/Aalsmeer%2C%20Amstelveen%2C%20Beverwijk%2C%20Bloemendaal%2C%20Haarlemmermeer%2C%20Heemskerk%2C%20Heemstede%2C%20Uitgeest%2C%20Uithoorn%2C%20Velsen%2C%20Zandvoort.pdf,Ja,Ja,nvt,Ja,Ja,Ja,Ja,Ja,Ja
Amsterdam,GM0363,Noord-Holland,1782,23,Y,Y,Y,Moreel rechtsherstel,Y,NIOD,€10.800.000,https://github.com/kroncrv/vastgoedboeken/blob/main/rapporten/Amsterdam.pdf,,,,,,,,,
Apeldoorn,GM0200,Gelderland,82,,Y,Y,Y,Moreel rechtsherstel,Y,Radboud Universiteit (Advies & Actualiteit),€700.000,https://github.com/kroncrv/vastgoedboeken/blob/main/rapporten/Apeldoorn.pdf,Ja,Ja,nvt,Ja,Ja,Ja,Ja,Ja,Ja
Arnhem,GM0202,Gelderland,171,,Y,Y,Y,Publicatie,Y,Maili Blauw (Blauw Historisch Onderzoek),-,https://github.com/kroncrv/vastgoedboeken/blob/main/rapporten/Arnhem.pdf,Ja,Nee,nvt,Ja,Ja,Nee,Ja,Ja,Nee
Assen,GM0106,Drenthe,71,2,Y,Y,Y,Erkenning,Y,Drents Archief,-,https://github.com/kroncrv/vastgoedboeken/blob/main/rapporten/Assen.pdf,Ja,Ja,Ja,Ja,Ja,Ja,Ja,Ja,Ja
Baarn,GM0308,Utrecht,4,,,Y,Y,Erkenning,Y,Maarten-Jan Vos (Historisch onderzoek & meer),-,https://github.com/kroncrv/vastgoedboeken/blob/main/rapporten/Baarn.pdf,Ja,Ja,nvt,Ja,Ja,Ja,Ja,Ja,Nee
Barendrecht,GM0489,Zuid-Holland,1,,,,,,,,,,,,,,,,,,
Barneveld,GM0203,Gelderland,3,,,,,,,,,,,,,,,,,,
Beek,GM0888,Limburg,7,4,Y,Y,,,Y,"René van Rijsselt, Erik van Rijsselt",,,,,,,,,,,
Berg en Dal,GM1945,Gelderland,2,,,Y,Y,Publicatie,Y,Radboud Universiteit (Advies & Actualiteit),-,https://github.com/kroncrv/vastgoedboeken/blob/main/rapporten/Berg%20en%20Dal.pdf,Ja,Ja,nvt,Ja,Ja,Ja,Ja,Ja,Nee
Bergen (NH.),GM0373,Noord-Holland,14,,Y,Y,Y,Erkenning,Y,Radboud Universiteit (Advies & Actualiteit),-,https://github.com/kroncrv/vastgoedboeken/blob/main/rapporten/Bergen%2C%20Castricum%2C%20Dijk%20en%20Waard%2C%20Heiloo%2C%20Hollands%20Kroon%2C%20Schagen%2C%20Texel.pdf,Ja,Ja,nvt,Ja,Ja,Ja,Ja,Ja,Ja
Bergen op Zoom,GM0748,Noord-Brabant,7,,,,,,,,,,,,,,,,,,
Berkelland,GM1859,Gelderland,50,,Y,Y,Y,Erkenning,Y,Radboud Universiteit (Advies & Actualiteit),-,https://github.com/kroncrv/vastgoedboeken/blob/main/rapporten/Aalten%2C%20Berkelland%2C%20Bronckhorst%2C%20Oude%20IJsselstreek%2C%20Oost%20Gelre.pdf,Ja,Ja,nvt,Ja,Ja,Ja,Ja,Ja,Nee
Beuningen,GM0209,Gelderland,1,,,,,,,,,,,,,,,,,,
Beverwijk,GM0375,Noord-Holland,20,,Y,Y,Y,Publicatie,Y,Radboud Universiteit (Advies & Actualiteit),-,https://github.com/kroncrv/vastgoedboeken/blob/main/rapporten/Aalsmeer%2C%20Amstelveen%2C%20Beverwijk%2C%20Bloemendaal%2C%20Haarlemmermeer%2C%20Heemskerk%2C%20Heemstede%2C%20Uitgeest%2C%20Uithoorn%2C%20Velsen%2C%20Zandvoort.pdf,Ja,Ja,nvt,Ja,Ja,Ja,Ja,Ja,Ja
Blaricum,GM0376,Noord-Holland,9,,,Y,Y,Beperkt vooronderzoek,N,Gemeente,-,,,,,,,,,,
Bloemendaal,GM0377,Noord-Holland,47,,Y,Y,Y,Publicatie,Y,Radboud Universiteit (Advies & Actualiteit),-,https://github.com/kroncrv/vastgoedboeken/blob/main/rapporten/Aalsmeer%2C%20Amstelveen%2C%20Beverwijk%2C%20Bloemendaal%2C%20Haarlemmermeer%2C%20Heemskerk%2C%20Heemstede%2C%20Uitgeest%2C%20Uithoorn%2C%20Velsen%2C%20Zandvoort.pdf,Ja,Ja,nvt,Ja,Ja,Ja,Ja,Ja,Ja
Bodegraven-Reeuwijk,GM1901,Zuid-Holland,2,,,,,,,,,,,,,,,,,,
Borger-Odoorn,GM1681,Drenthe,11,,Y,Y,Y,Erkenning,Y,G.J. Dijkstra en H.J. Vos,-,https://github.com/kroncrv/vastgoedboeken/blob/main/rapporten/Borger-Odoorn.pdf,Ja,Ja,nvt,Ja,Ja,Ja,Nee,Ja,Nee
Borne,GM0147,Overijssel,21,,Y,Y,Y,Erkenning,Y,Radboud Universiteit (Advies & Actualiteit),-,https://github.com/kroncrv/vastgoedboeken/blob/main/rapporten/Borne.pdf,Ja,Ja,nvt,Ja,Ja,Ja,Ja,Ja,Ja
Boxtel,GM0757,Noord-Brabant,1,,,,,,,,,,,,,,,,,,
Breda,GM0758,Noord-Brabant,50,,Y,Y,,,Y,Sanne Stevens (Het Schrijfkantoor),,,,,,,,,,,
Bronckhorst,GM1876,Gelderland,10,,Y,Y,Y,Erkenning,Y,Radboud Universiteit (Advies & Actualiteit),-,https://github.com/kroncrv/vastgoedboeken/blob/main/rapporten/Aalten%2C%20Berkelland%2C%20Bronckhorst%2C%20Oude%20IJsselstreek%2C%20Oost%20Gelre.pdf,Ja,Ja,nvt,Ja,Ja,Ja,Ja,Ja,Nee
Brummen,GM0213,Gelderland,1,,,,,,,,,,,,,,,,,,
Buren,GM0214,Gelderland,3,,,,,,,,,,,,,,,,,,
Capelle aan den IJssel,GM0502,Zuid-Holland,3,,,,,,,,,,,,,,,,,,
Castricum,GM0383,Noord-Holland,1,,,Y,Y,Erkenning,Y,Radboud Universiteit (Advies & Actualiteit),-,https://github.com/kroncrv/vastgoedboeken/blob/main/rapporten/Bergen%2C%20Castricum%2C%20Dijk%20en%20Waard%2C%20Heiloo%2C%20Hollands%20Kroon%2C%20Schagen%2C%20Texel.pdf,Ja,Ja,nvt,Ja,Ja,Ja,Ja,Ja,Ja
Coevorden,GM0109,Drenthe,37,,Y,Y,Y,Publicatie,Y,Maarten Duijvendak,-,https://github.com/kroncrv/vastgoedboeken/blob/main/rapporten/Coevorden.pdf,Ja,Ja,nvt,Ja,Ja,Ja,Ja,Ja,Nee
Culemborg,GM0216,Gelderland,11,,Y,Y,Y,Beperkt vooronderzoek,N,Gemeente,-,,,,,,,,,,
Dalfsen,GM0148,Overijssel,1,,,Y,Y,Beperkt vooronderzoek,N,,-,,,,,,,,,,
De Bilt,GM0310,Utrecht,15,,Y,Y,,,Y,Maarten-Jan Vos,,,,,,,,,,,
De Ronde Venen,GM0736,Utrecht,4,,,Y,Y,Beperkt vooronderzoek,N,,-,,,,,,,,,,
De Wolden,GM1690,Drenthe,5,,,,,,,,,,,,,,,,,,
Delft,GM0503,Zuid-Holland,22,,Y,Y,Y,Moreel rechtsherstel,Y,Historisch Onderzoeksbureau Tijdelijk,€150.000,https://github.com/kroncrv/vastgoedboeken/blob/main/rapporten/Delft.pdf,Ja,Ja,nvt,Ja,Ja,Ja,Ja,Ja,Nee
Den Helder,GM0400,Noord-Holland,56,,Y,Y,Y,Publicatie,Y,Radboud Universiteit (Advies & Actualiteit),-,https://github.com/kroncrv/vastgoedboeken/blob/main/rapporten/Den%20Helder.pdf,Ja,Ja,nvt,Ja,Ja,Ja,Ja,Ja,Ja
Deventer,GM0150,Overijssel,96,,Y,Y,Y,Erkenning,Y,Radboud Universiteit (Advies & Actualiteit),-,https://github.com/kroncrv/vastgoedboeken/blob/main/rapporten/Deventer.pdf,Ja,Nee,nvt,Ja,Ja,Ja,Ja,Ja,Ja
Diemen,GM0384,Noord-Holland,2,,,Y,Y,Erkenning,Y,Radboud Universiteit (Advies & Actualiteit),-,https://github.com/kroncrv/vastgoedboeken/blob/main/rapporten/Diemen.pdf,Ja,Ja,nvt,Ja,Ja,Ja,Ja,Ja,Nee
Dijk en Waard,GM1980,Noord-Holland,1,,,Y,Y,Erkenning,Y,Radboud Universiteit (Advies & Actualiteit),-,https://github.com/kroncrv/vastgoedboeken/blob/main/rapporten/Bergen%2C%20Castricum%2C%20Dijk%20en%20Waard%2C%20Heiloo%2C%20Hollands%20Kroon%2C%20Schagen%2C%20Texel.pdf,Ja,Ja,nvt,Ja,Ja,Ja,Ja,Ja,Ja
Dinkelland,GM1774,Overijssel,17,,Y,Y,Y,Beperkt vooronderzoek,Y,Mariët Blokhuis,-,,,,,,,,,,
Doesburg,GM0221,Gelderland,9,,,Y,Y,Erkenning,Y,Radboud Universiteit (Advies & Actualiteit),-,https://github.com/kroncrv/vastgoedboeken/blob/main/rapporten/Doesburg.pdf,Ja,Ja,nvt,Ja,Ja,Ja,Nee,Ja,Nee
Doetinchem,GM0222,Gelderland,50,,Y,Y,Y,Erkenning,Y,Karel Berkhuysen,-,https://github.com/kroncrv/vastgoedboeken/blob/main/rapporten/Doetinchem.pdf,Ja,Ja,nvt,Ja,Ja,Ja,Ja,nee,Nee
Dordrecht,GM0505,Zuid-Holland,44,,Y,Y,Y,Erkenning,Y,Stolpersteine Dordrecht,-,https://github.com/kroncrv/vastgoedboeken/blob/main/rapporten/Dordrecht.pdf,Ja,Ja,nvt,Ja,Nee,Nee,Nee,Nee,Nee
Echt-Susteren,GM1711,Limburg,2,,,,,,,,,,,,,,,,,,
Ede,GM0228,Gelderland,5,,,Y,Y,Beperkt vooronderzoek,N,Gemeente,-,,,,,,,,,,
Eemsdelta,GM1979,Groningen,14,,Y,Y,Y,Erkenning,Y,Rijksuniversiteit Groningen,-,https://github.com/kroncrv/vastgoedboeken/blob/main/rapporten/Eemsdelta%2C%20Pekela%2C%20Westerwolde.pdf,Ja,Ja,nvt,Ja,Ja,Ja,Ja,Ja,Nee
Eijsden-Margraten,GM1903,Limburg,1,,,Y,Y,Beperkt vooronderzoek,Y,Regionaal Historisch Centrum Limburg,-,,,,,,,,,,
Eindhoven,GM0772,Noord-Brabant,38,,Y,Y,Y,Moreel rechtsherstel,Y,Maili Blauw (Blauw Historisch Onderzoek),€90.000,https://github.com/kroncrv/vastgoedboeken/blob/main/rapporten/Eindhoven.pdf,Ja,Nee,nvt,Ja,Ja,Nee,Ja,Ja,Ja
Elburg,GM0230,Gelderland,1,,,Y,Y,Beperkt vooronderzoek,Y,Willem van Norel,-,https://github.com/kroncrv/vastgoedboeken/blob/main/rapporten/Elburg.pdf,Ja,Ja,nvt,Ja,Ja,Ja,Ja,Ja,Nee
Emmen,GM0114,Drenthe,39,,Y,Y,,,,,,,,,,,,,,,
Enkhuizen,GM0388,Noord-Holland,42,,Y,Y,Y,Beperkt vooronderzoek,Y,Klaas Koeman en Jochem Kornalijnslijper,-,,,,,,,,,,
Enschede,GM0153,Overijssel,123,,Y,Y,,,Y,NIOD,,,,,,,,,,,
Epe,GM0232,Gelderland,8,,,,,,,,,,,,,,,,,,
Geldrop-Mierlo,GM1771,Noord-Brabant,1,,,Y,Y,Publicatie,Y,Radboud Universiteit (Advies & Actualiteit),-,https://github.com/kroncrv/vastgoedboeken/blob/main/rapporten/Geldrop-Mierlo.pdf,Ja,Ja,nvt,Ja,Nee,Ja,Nee,Ja,Nee
Gennep,GM0907,Limburg,9,,,Y,Y,Beperkt vooronderzoek,Y,Harrie-Jan Metselaars,-,,,,,,,,,,
Goeree-Overflakkee,GM1924,Zuid-Holland,25,,Y,Y,Y,Erkenning,Y,Betsy Biemond,-,https://github.com/kroncrv/vastgoedboeken/blob/main/rapporten/Goeree-Overflakkee.pdf,Ja,Ja,nvt,Ja,Ja,Ja,Ja,Ja,Ja
Gooise Meren,GM1942,Noord-Holland,145,,Y,Y,Y,Moreel rechtsherstel,Y,Maarten-Jan Vos (Historisch onderzoek & meer),€18.000,https://github.com/kroncrv/vastgoedboeken/blob/main/rapporten/Gooise%20Meren.pdf,Ja,Ja,nvt,Ja,Ja,Ja,Nee,Nee,Ja
Gorinchem,GM0512,Zuid-Holland,9,,,Y,Y,Beperkt vooronderzoek,N,Gemeente,-,,,,,,,,,,
Gouda,GM0513,Zuid-Holland,16,2,Y,Y,Y,Erkenning,Y,Streekarchief Midden-Holland,-,https://github.com/kroncrv/vastgoedboeken/blob/main/rapporten/Gouda.pdf,Ja,Ja,Ja,Ja,Nee,Ja,Ja,Ja,Nee
Groningen,GM0014,Groningen,191,,Y,Y,Y,Moreel rechtsherstel,Y,Rijksuniversiteit Groningen,€328.600,https://github.com/kroncrv/vastgoedboeken/blob/main/rapporten/Groningen.pdf,Ja,Ja,nvt,Ja,Ja,Ja,Ja,Ja,Nee
Haaksbergen,GM0158,Overijssel,5,,,Y,Y,Beperkt vooronderzoek,N,Gemeente,-,,,,,,,,,,
Haarlem,GM0392,Noord-Holland,210,,Y,Y,Y,Publicatie,Y,Maili Blauw (Blauw Historisch Onderzoek),-,https://github.com/kroncrv/vastgoedboeken/blob/main/rapporten/Haarlem.pdf,Ja,Nee,nvt,Ja,Ja,Ja,Ja,Ja,Ja
Haarlemmermeer,GM0394,Noord-Holland,3,,,Y,Y,Publicatie,Y,Radboud Universiteit (Advies & Actualiteit),-,https://github.com/kroncrv/vastgoedboeken/blob/main/rapporten/Aalsmeer%2C%20Amstelveen%2C%20Beverwijk%2C%20Bloemendaal%2C%20Haarlemmermeer%2C%20Heemskerk%2C%20Heemstede%2C%20Uitgeest%2C%20Uithoorn%2C%20Velsen%2C%20Zandvoort.pdf,Ja,Ja,nvt,Ja,Ja,Ja,Ja,Ja,Ja
Hardenberg,GM0160,Overijssel,16,,Y,Y,Y,Beperkt vooronderzoek,N,Gemeente Hardenberg,-,,,,,,,,,,
Harderwijk,GM0243,Gelderland,3,,,Y,Y,Erkenning,Y,Streekarchivariaat Noordwest-Veluwe,-,https://github.com/kroncrv/vastgoedboeken/blob/main/rapporten/Harderwijk.pdf,Ja,Ja,nvt,Ja,Ja,Ja,Ja,Ja,Nee
Hardinxveld-Giessendam,GM0523,Zuid-Holland,2,,,Y,,,,,,,,,,,,,,,
Harlingen,GM0072,Fryslân,31,,Y,Y,Y,Erkenning,Y,Ruby de Vries,-,https://github.com/kroncrv/vastgoedboeken/blob/main/rapporten/Harlingen.pdf,Ja,Ja,nvt,Ja,Ja,Ja,Ja,Ja,Nee
Hattem,GM0244,Gelderland,2,,,,,,,,,,,,,,,,,,
Heemstede,GM0397,Noord-Holland,35,,Y,Y,Y,Publicatie,Y,Radboud Universiteit (Advies & Actualiteit),-,https://github.com/kroncrv/vastgoedboeken/blob/main/rapporten/Aalsmeer%2C%20Amstelveen%2C%20Beverwijk%2C%20Bloemendaal%2C%20Haarlemmermeer%2C%20Heemskerk%2C%20Heemstede%2C%20Uitgeest%2C%20Uithoorn%2C%20Velsen%2C%20Zandvoort.pdf,Ja,Ja,nvt,Ja,Ja,Ja,Ja,Ja,Ja
Heerenveen,GM0074,Fryslân,3,,,Y,Y,Erkenning,Y,Radboud Universiteit (Advies & Actualiteit),-,https://github.com/kroncrv/vastgoedboeken/blob/main/rapporten/Heerenveen.pdf,Ja,Ja,nvt,Ja,Nee,Ja,Ja,Ja,Nee
Heerlen,GM0917,Limburg,33,,Y,Y,,,Y,Ernst de Reus (voorzitter Joodse Gemeenschap Maastricht),,,,,,,,,,,
Heiloo,GM0399,Noord-Holland,2,,,Y,Y,Erkenning,Y,Radboud Universiteit (Advies & Actualiteit),-,https://github.com/kroncrv/vastgoedboeken/blob/main/rapporten/Bergen%2C%20Castricum%2C%20Dijk%20en%20Waard%2C%20Heiloo%2C%20Hollands%20Kroon%2C%20Schagen%2C%20Texel.pdf,Ja,Ja,nvt,Ja,Ja,Ja,Ja,Ja,Ja
Hellendoorn,GM0163,Overijssel,4,,,Y,Y,Moreel rechtsherstel,Y,Radboud Universiteit (Advies & Actualiteit),-,https://github.com/kroncrv/vastgoedboeken/blob/main/rapporten/Hellendoorn.pdf,Ja,Ja,nvt,Ja,Ja,Ja,Ja,Ja,Ja
Hengelo,GM0164,Overijssel,22,1,Y,Y,Y,Erkenning,Y,Radboud Universiteit (Advies & Actualiteit),-,https://github.com/kroncrv/vastgoedboeken/blob/main/rapporten/Hengelo.pdf,Ja,Ja,Ja,Ja,Ja,Ja,Nee,Ja,Ja
Het Hogeland,GM1966,Groningen,21,,Y,Y,Y,Publicatie,Y,Rijksuniversiteit Groningen,-,https://github.com/kroncrv/vastgoedboeken/blob/main/rapporten/Midden-Groningen%2C%20Oldambt%2C%20Veendam%2C%20Westerkwartier%2C%20Het%20Hogeland.pdf,Ja,Ja,nvt,Ja,Ja,Ja,Ja,Ja,Nee
Hillegom,GM0534,Zuid-Holland,2,1,Y,Y,,,Y,Maarten-Jan Vos,,,,,,,,,,,
Hilversum,GM0402,Noord-Holland,202,,Y,Y,Y,Publicatie,Y,dr. G.G. (Geraldien) von Frijtag Drabbe Künzel (Universiteit Utrecht),-,https://github.com/kroncrv/vastgoedboeken/blob/main/rapporten/Hilversum.pdf,Ja,Nee,nvt,Ja,Ja,Ja,Ja,Ja,Nee
Hoeksche Waard,GM1963,Zuid-Holland,18,,Y,Y,Y,Publicatie,N,Gemeente Hoekse Waard (senior medewerker DIV A.C. van der Hoek),-,https://github.com/kroncrv/vastgoedboeken/blob/main/rapporten/Hoeksche%20Waard.pdf,Nee,Ja,nvt,Ja,Ja,Ja,Nee,Ja,Nee
Hof van Twente,GM1735,Overijssel,8,,,,,,,,,,,,,,,,,,
Hollands Kroon,GM1911,Noord-Holland,1,,,Y,Y,Erkenning,Y,Radboud Universiteit (Advies & Actualiteit),-,https://github.com/kroncrv/vastgoedboeken/blob/main/rapporten/Bergen%2C%20Castricum%2C%20Dijk%20en%20Waard%2C%20Heiloo%2C%20Hollands%20Kroon%2C%20Schagen%2C%20Texel.pdf,Ja,Ja,nvt,Ja,Ja,Ja,Nee,Ja,Ja
Hoogeveen,GM0118,Drenthe,14,,Y,Y,Y,Beperkt vooronderzoek,N,Particulieren,-,,,,,,,,,,
Hoorn,GM0405,Noord-Holland,50,1,Y,Y,Y,Erkenning,Y,Raymond Schütz en Egbert Ottens,-,https://github.com/kroncrv/vastgoedboeken/blob/main/rapporten/Hoorn.pdf,Ja,Ja,Ja,Ja,Ja,Ja,Ja,Ja,Nee
Huizen,GM0406,Noord-Holland,6,,,Y,Y,Beperkt vooronderzoek,N,Gemeente,-,,,,,,,,,,
Kampen,GM0166,Overijssel,9,,,Y,Y,Erkenning,Y,Maarten Duijvendak,-,https://github.com/kroncrv/vastgoedboeken/blob/main/rapporten/Kampen.pdf,Ja,Ja,nvt,Ja,Ja,Ja,Ja,Ja,Nee
Katwijk,GM0537,Zuid-Holland,1,,,Y,Y,Beperkt vooronderzoek,Y,Genootschap Oud-Rijnsburg,-,,,,,,,,,,
Kerkrade,GM0928,Limburg,6,,,Y,Y,Publicatie,Y,Historische Kring Kerkrade,-,https://github.com/kroncrv/vastgoedboeken/blob/main/rapporten/Kerkrade.pdf,Ja,Ja,nvt,Nee,Ja,Ja,Ja,Ja,Nee
Krimpen aan den IJssel,GM0542,Zuid-Holland,2,,,,,,,,,,,,,,,,,,
Krimpenerwaard,GM1931,Zuid-Holland,6,1,Y,Y,,,,,,,,,,,,,,,
Land van Cuijk,GM1982,Noord-Brabant,11,1,Y,Y,Y,Publicatie,Y,Lotte van der Wijst,-,https://github.com/kroncrv/vastgoedboeken/blob/main/rapporten/Land%20van%20Cuijk.pdf,Ja,Nee,Ja,Nee,Ja,Ja,Ja,Nee,Nee
Landgraaf,GM0882,Limburg,1,,,Y,Y,Beperkt vooronderzoek,N,Intern archiefonderzoek,-,,,,,,,,,,
Landsmeer,GM0415,Noord-Holland,1,,,,,,,,,,,,,,,,,,
Laren,GM0417,Noord-Holland,42,,Y,Y,Y,Beperkt vooronderzoek,N,Gemeente,-,,,,,,,,,,
Leeuwarden,GM0080,Fryslân,164,2,Y,Y,Y,Publicatie,Y,Historisch Centrum Leeuwarden,-,https://github.com/kroncrv/vastgoedboeken/blob/main/rapporten/Leeuwarden.pdf,Ja,Ja,Ja,Ja,Nee,Ja,Ja,Ja,Ja
Leiden,GM0546,Zuid-Holland,69,,Y,Y,Y,Beperkt vooronderzoek,N,Gemeente,-,,,,,,,,,,
Leidschendam-Voorburg,GM1916,Zuid-Holland,39,,Y,Y,Y,Beperkt vooronderzoek,N,Gemeente,-,,,,,,,,,,
Lochem,GM0262,Gelderland,30,4,Y,Y,Y,Moreel rechtsherstel,Y,Historisch onderzoek & meer,€30.000,https://github.com/kroncrv/vastgoedboeken/blob/main/rapporten/Lochem.pdf,Ja,Ja,Ja,Ja,Ja,Ja,Ja,Ja,Ja
Losser,GM0168,Overijssel,3,,,Y,Y,Beperkt vooronderzoek,Y,Historische Kring Losser,-,,,,,,,,,,
Maasdriel,GM0263,Gelderland,4,,,,,,,,,,,,,,,,,,
Maassluis,GM0556,Zuid-Holland,6,,,Y,Y,Beperkt vooronderzoek,Y,Historische Vereniging Maassluis,-,,,,,,,,,,
Maastricht,GM0935,Limburg,35,,Y,Y,Y,Moreel rechtsherstel,Y,"René van Rijsselt, Erik van Rijsselt, Marjolein Vlieks",€125.000,https://github.com/kroncrv/vastgoedboeken/blob/main/rapporten/Maastricht.pdf,Ja,Ja,nvt,Ja,Ja,Ja,Ja,Ja,Ja
Medemblik,GM0420,Noord-Holland,3,,,,,,,,,,,,,,,,,,
Meerssen,GM0938,Limburg,2,,,Y,,,,,,,,,,,,,,,
Meierijstad,GM1948,Noord-Brabant,9,,,Y,Y,Beperkt vooronderzoek,Y,Ester Vink (Stichting Mikwe),-,,,,,,,,,,
Meppel,GM0119,Drenthe,44,,Y,Y,Y,Erkenning,Y,Drents Archief,-,https://github.com/kroncrv/vastgoedboeken/blob/main/rapporten/Meppel.pdf,Ja,Ja,nvt,Ja,Ja,Ja,Ja,Ja,Nee
Middelburg,GM0687,Zeeland,14,,Y,Y,Y,Erkenning,Y,H.J.(Henk) de Kunder + Radboud Universiteit (Advies & Actualiteit),-,https://github.com/kroncrv/vastgoedboeken/blob/main/rapporten/Middelburg_1.pdf;https://github.com/kroncrv/vastgoedboeken/blob/main/rapporten/Middelburg_2.pdf,Ja,Ja,nvt,Ja,Ja,Ja,Ja,Ja,Nee
Midden-Drenthe,GM1731,Drenthe,23,,Y,Y,,,,,,,,,,,,,,,
Midden-Groningen,GM1952,Groningen,30,1,Y,Y,Y,Erkenning,Y,Rijksuniversiteit Groningen,-,https://github.com/kroncrv/vastgoedboeken/blob/main/rapporten/Midden-Groningen%2C%20Oldambt%2C%20Veendam%2C%20Westerkwartier%2C%20Het%20Hogeland.pdf,Ja,Ja,Ja,Ja,Ja,Ja,Ja,Nee,Nee
Montferland,GM1955,Gelderland,9,,,Y,Y,Publicatie,Y,Radboud Universiteit (Advies & Actualiteit),-,https://github.com/kroncrv/vastgoedboeken/blob/main/rapporten/Montferland.pdf,Ja,Ja,nvt,Ja,Nee,Ja,Nee,Nee,Nee
Mook en Middelaar,GM0944,Limburg,1,,,Y,Y,Beperkt vooronderzoek,Y,Stichting heemkundekring De Grenssteen,-,,,,,,,,,,
Neder-Betuwe,GM1740,Gelderland,1,,,,,,,,,,,,,,,,,,
Nieuwegein,GM0356,Utrecht,3,,,Y,,,,NIOD,,,,,,,,,,,
Nieuwkoop,GM0569,Zuid-Holland,2,,,Y,Y,Beperkt vooronderzoek,N,Gemeente,-,,,,,,,,,,
Nijkerk,GM0267,Gelderland,11,,Y,Y,Y,Erkenning,Y,Anton van Renssen,-,https://github.com/kroncrv/vastgoedboeken/blob/main/rapporten/Nijkerk.pdf,Ja,Ja,nvt,Ja,Ja,Ja,Ja,Ja,Ja
Nijmegen,GM0268,Gelderland,62,,Y,Y,Y,Moreel rechtsherstel,Y,Radboud Universiteit (Advies & Actualiteit),€125.000,https://github.com/kroncrv/vastgoedboeken/blob/main/rapporten/Nijmegen.pdf,Ja,Nee,nvt,Ja,Ja,Ja,Ja,Ja,Ja
Nissewaard,GM1930,Zuid-Holland,6,,,Y,Y,Publicatie,Y,A.A. van der Houwen,-,https://github.com/kroncrv/vastgoedboeken/blob/main/rapporten/Nissewaard%2C%20Voorne%20aan%20Zee.pdf,Ja,Ja,nvt,Ja,Nee,Ja,Nee,Ja,Nee
Noordenveld,GM1699,Drenthe,4,,,,,,,,,,,,,,,,,,
Noordwijk,GM0575,Zuid-Holland,2,,,,,,,,,,,,,,,,,,
Nunspeet,GM0302,Gelderland,3,,,Y,Y,Beperkt vooronderzoek,Y,Streekarchivariaat,-,,,,,,,,,,
Oegstgeest,GM0579,Zuid-Holland,5,,,,,,,,,,,,,,,,,,
Oisterwijk,GM0824,Noord-Brabant,1,,,Y,Y,Publicatie,Y,Kees Welmers,-,https://github.com/kroncrv/vastgoedboeken/blob/main/rapporten/Oisterwijk.pdf,Ja,Ja,nvt,Nee,Nee,Ja,Ja,Ja,Ja
Oldambt,GM1895,Groningen,89,3,Y,Y,Y,Publicatie,Y,Rijksuniversiteit Groningen,-,https://github.com/kroncrv/vastgoedboeken/blob/main/rapporten/Midden-Groningen%2C%20Oldambt%2C%20Veendam%2C%20Westerkwartier%2C%20Het%20Hogeland.pdf,Ja,Ja,Ja,Ja,Ja,Ja,Ja,Nee,Nee
Oldenzaal,GM0173,Overijssel,22,3,Y,Y,Y,Beperkt vooronderzoek,Y,Mariët Blokhuis,-,,,,,,,,,,
Olst-Wijhe,GM1773,Overijssel,2,,,,,,,,,,,,,,,,,,
Ommen,GM0175,Overijssel,8,,,Y,Y,Erkenning,Y,Radboud Universiteit (Advies & Actualiteit),-,https://github.com/kroncrv/vastgoedboeken/blob/main/rapporten/Ommen.pdf,Ja,Ja,nvt,Ja,Ja,Ja,Ja,Ja,Ja
Oost-Gelre,GM1586,Gelderland,9,,,Y,Y,Erkenning,Y,Radboud Universiteit (Advies & Actualiteit),-,https://github.com/kroncrv/vastgoedboeken/blob/main/rapporten/Aalten%2C%20Berkelland%2C%20Bronckhorst%2C%20Oude%20IJsselstreek%2C%20Oost%20Gelre.pdf,Ja,Ja,nvt,Ja,Ja,Ja,Nee,Ja,Nee
Opsterland,GM0086,Fryslân,3,,,,,,,,,,,,,,,,,,
Oss,GM0828,Noord-Brabant,25,1,Y,Y,Y,Erkenning,Y,Paul Spanjaard,-,https://github.com/kroncrv/vastgoedboeken/blob/main/rapporten/Oss.pdf,Ja,Ja,Ja,Ja,Ja,Ja,Ja,Ja,Ja
Oude IJsselstreek,GM1509,Gelderland,20,3,Y,Y,Y,Erkenning,Y,Radboud Universiteit (Advies & Actualiteit),-,https://github.com/kroncrv/vastgoedboeken/blob/main/rapporten/Aalten%2C%20Berkelland%2C%20Bronckhorst%2C%20Oude%20IJsselstreek%2C%20Oost%20Gelre.pdf,Ja,Ja,Ja,Ja,Ja,Ja,Ja,Ja,Nee
Ouder-Amstel,GM0437,Noord-Holland,2,,,,,,,,,,,,,,,,,,
Oudewater,GM0589,Utrecht,2,,,Y,Y,Beperkt vooronderzoek,N,Gemeente,-,,,,,,,,,,
Overbetuwe,GM1734,Gelderland,2,,,Y,Y,Publicatie,Y,Radboud Universiteit (Advies & Actualiteit),-,https://github.com/kroncrv/vastgoedboeken/blob/main/rapporten/Overbetuwe.pdf,Ja,Ja,nvt,Ja,Ja,Ja,Ja,Ja,Nee
Pekela,GM0765,Groningen,14,,Y,Y,Y,Erkenning,Y,Rijksuniversiteit Groningen,-,https://github.com/kroncrv/vastgoedboeken/blob/main/rapporten/Eemsdelta%2C%20Pekela%2C%20Westerwolde.pdf,Ja,Ja,nvt,Ja,Ja,Ja,Ja,Ja,Nee
Purmerend,GM0439,Noord-Holland,6,,,Y,Y,Beperkt vooronderzoek,Y,Historisch genootschap Beemstert,-,,,,,,,,,,
Putten,GM0273,Gelderland,1,,,,,,,,,,,,,,,,,,
Raalte,GM0177,Overijssel,2,,,Y,Y,Erkenning,Y,Radboud Universiteit (Advies & Actualiteit),-,https://github.com/kroncrv/vastgoedboeken/blob/main/rapporten/Raalte.pdf,Ja,Ja,nvt,Ja,Ja,Ja,Nee,Ja,Nee
Renkum,GM0274,Gelderland,8,,,,,,,,,,,,,,,,,,
Reusel-De Mierden,GM1667,Noord-Brabant,1,,,Y,Y,Beperkt vooronderzoek,N,Gemeente + Heemkundevereniging,-,,,,,,,,,,
Rheden,GM0275,Gelderland,13,,Y,Y,,,,,,,,,,,,,,,
Rhenen,GM0340,Utrecht,1,,,Y,Y,Beperkt vooronderzoek,Y,Historische Vereniging Oudheidkamer Rhenen en omstreken,-,,,,,,,,,,
Ridderkerk,GM0597,Zuid-Holland,1,,,Y,,,,,,,,,,,,,,,
Rijssen-Holten,GM1742,Overijssel,19,1,Y,Y,Y,Erkenning,Y,Radboud Universiteit (Advies & Actualiteit),-,https://github.com/kroncrv/vastgoedboeken/blob/main/rapporten/Rijssen-Holte.pdf,Ja,Ja,Ja,Ja,Ja,Ja,Ja,Ja,Nee
Rijswijk,GM0603,Zuid-Holland,30,,Y,Y,Y,Erkenning,Y,Anton van Renssen,-,https://github.com/kroncrv/vastgoedboeken/blob/main/rapporten/Rijswijk.pdf,Ja,Ja,nvt,Ja,Ja,Ja,Ja,Ja,Ja
Roerdalen,GM1669,Limburg,3,,,,,,,,,,,,,,,,,,
Roermond,GM0957,Limburg,15,,Y,Y,Y,Moreel rechtsherstel,Y,Fred Cammaert,€125.000,https://github.com/kroncrv/vastgoedboeken/blob/main/rapporten/Roermond.pdf,Ja,Ja,nvt,Ja,Ja,Ja,Ja,Ja,Nee
Rotterdam,GM0599,Zuid-Holland,372,3,Y,Y,Y,Moreel rechtsherstel,Y,NIOD,€2.000.000,https://github.com/kroncrv/vastgoedboeken/blob/main/rapporten/Rotterdam.pdf,,,,,,,,,
s-Gravenhage,GM0518,Zuid-Holland,418,7,Y,Y,Y,Moreel rechtsherstel,Y,Robin te Slaa,€2.600.000,https://github.com/kroncrv/vastgoedboeken/blob/main/rapporten/Den%20Haag.pdf,,,,,,,,,
s-Hertogenbosch,GM0796,Noord-Brabant,25,,Y,Y,,,,,,,,,,,,,,,
Schagen,GM0441,Noord-Holland,2,,,Y,Y,Erkenning,Y,Radboud Universiteit (Advies & Actualiteit),-,https://github.com/kroncrv/vastgoedboeken/blob/main/rapporten/Bergen%2C%20Castricum%2C%20Dijk%20en%20Waard%2C%20Heiloo%2C%20Hollands%20Kroon%2C%20Schagen%2C%20Texel.pdf,Ja,Ja,nvt,Ja,Ja,Ja,Ja,Ja,Ja
Schiedam,GM0606,Zuid-Holland,25,,Y,Y,Y,Erkenning,N,"Merel Blok, gemeentearchief",-,https://github.com/kroncrv/vastgoedboeken/blob/main/rapporten/Schiedam.pdf,Nee,Ja,nvt,Ja,Ja,Ja,Ja,Ja,Nee
Schiermonnikoog,GM0088,Fryslân,1,,,Y,Y,Beperkt vooronderzoek,N,Gemeente,-,,,,,,,,,,
Schouwen-Duiveland,GM1676,Zeeland,5,,,Y,Y,Beperkt vooronderzoek,N,Gemeente + Zeeuws Archief,-,,,,,,,,,,
Sittard-Geleen,GM1883,Limburg,16,,Y,Y,,,Y,Ernst de Reus (voorzitter Joodse Gemeenschap Maastricht),,,,,,,,,,,
Sliedrecht,GM0610,Zuid-Holland,6,,,,,,,,,,,,,,,,,,
Smallingerland,GM0090,Fryslân,3,,,Y,Y,Beperkt vooronderzoek,N,Historische vereniging Smelnes Erfskip + medewerker gemeente,-,,,,,,,,,,
Soest,GM0342,Utrecht,7,,,Y,Y,Erkenning,Y,Maarten-Jan Vos (Historisch onderzoek & meer),-,https://github.com/kroncrv/vastgoedboeken/blob/main/rapporten/Soest.pdf,Ja,Ja,nvt,Ja,Ja,Ja,Ja,Ja,Nee
Stadskanaal,GM0037,Groningen,26,1,Y,Y,Y,Erkenning,Y,Rijksuniversiteit Groningen,-,https://github.com/kroncrv/vastgoedboeken/blob/main/rapporten/Stadskanaal.pdf,Ja,Ja,Ja,Ja,Ja,Ja,Ja,Nee,Nee
Steenwijkerland,GM1708,Overijssel,24,,Y,Y,Y,Moreel rechtsherstel,Y,Overijssel-academie,€255.000,https://github.com/kroncrv/vastgoedboeken/blob/main/rapporten/Steenwijkerland.pdf,Ja,Ja,nvt,Ja,Ja,Ja,Ja,Ja,Ja
Stein,GM0971,Limburg,1,,,,,,,,,,,,,,,,,,
Stichtse Vecht,GM1904,Utrecht,1,,,Y,Y,Beperkt vooronderzoek,Y,Regionaal Historisch Centrum Vecht en Venen (RHCVV),-,,,,,,,,,,
Súdwest-Fryslân,GM1900,Fryslân,19,,Y,Y,Y,Publicatie,Y,Ruby de Vries,-,https://github.com/kroncrv/vastgoedboeken/blob/main/rapporten/Su%CC%81dwest-Frysla%CC%82n.pdf,Ja,Ja,nvt,Ja,Ja,Ja,Ja,Ja,Nee
Terneuzen,GM0715,Zeeland,4,,,Y,Y,Beperkt vooronderzoek,N,Gemeente + Zeeuws Archief,-,,,,,,,,,,
Terschelling,GM0093,Fryslân,3,,,,,,,,,,,,,,,,,,
Texel,GM0448,Noord-Holland,1,,,Y,Y,Erkenning,Y,Radboud Universiteit (Advies & Actualiteit),-,https://github.com/kroncrv/vastgoedboeken/blob/main/rapporten/Bergen%2C%20Castricum%2C%20Dijk%20en%20Waard%2C%20Heiloo%2C%20Hollands%20Kroon%2C%20Schagen%2C%20Texel.pdf,Ja,Ja,nvt,Ja,Ja,Ja,Ja,Ja,Ja
Tiel,GM0281,Gelderland,4,,,,,,,,,,,,,,,,,,
Tilburg,GM0855,Noord-Brabant,22,,Y,Y,Y,Publicatie,Y,Maili Blauw (Blauw Historisch Onderzoek),-,https://github.com/kroncrv/vastgoedboeken/blob/main/rapporten/Tilburg.pdf,Ja,Ja,nvt,Ja,Ja,Ja,Ja,Ja,Ja
Tubbergen,GM0183,Overijssel,2,,,Y,Y,Beperkt vooronderzoek,N,Gemeente,-,,,,,,,,,,
Twenterand,GM1700,Overijssel,4,,,,,,,,,,,,,,,,,,
Tynaarlo,GM1730,Drenthe,6,,,Y,Y,Beperkt vooronderzoek,N,Gemeente,-,,,,,,,,,,
Tytsjerksteradiel,GM0737,Fryslân,1,,,Y,Y,Beperkt vooronderzoek,N,Gemeentearchief,-,https://github.com/kroncrv/vastgoedboeken/blob/main/rapporten/Tytsjerksteradiel.pdf,Nee,Ja,nvt,Nee,Nee,Ja,Nee,Nee,Nee
Uithoorn,GM0451,Noord-Holland,3,,,Y,Y,Publicatie,Y,Radboud Universiteit (Advies & Actualiteit),-,https://github.com/kroncrv/vastgoedboeken/blob/main/rapporten/Aalsmeer%2C%20Amstelveen%2C%20Beverwijk%2C%20Bloemendaal%2C%20Haarlemmermeer%2C%20Heemskerk%2C%20Heemstede%2C%20Uitgeest%2C%20Uithoorn%2C%20Velsen%2C%20Zandvoort.pdf,Ja,Ja,nvt,Ja,Ja,Ja,Ja,Ja,Ja
Utrecht,GM0344,Utrecht,88,2,Y,Y,Y,Moreel rechtsherstel,Y,Maili Blauw (Blauw Historisch Onderzoek),€300.000,https://github.com/kroncrv/vastgoedboeken/blob/main/rapporten/Utrecht.pdf,,,,,,,,,
Utrechtse Heuvelrug,GM1581,Utrecht,1,,,,,,,,,,,,,,,,,,
Vaals,GM0981,Limburg,2,,,Y,,,,Van der Meij en Francotte van de plaatselijke Heemkundevereniging Sankt Tolbert in 2022,,,,,,,,,,,
Valkenburg aan de Geul,GM0994,Limburg,17,,Y,Y,Y,Erkenning,Y,"R.J.T. van Rijsselt, E.F. van Rijsselt en M.C. Vlieks",-,https://github.com/kroncrv/vastgoedboeken/blob/main/rapporten/Valkenburg%20aan%20de%20Geul.pdf,Ja,Ja,nvt,Ja,Ja,Ja,Ja,Ja,Ja
Veendam,GM0047,Groningen,29,,Y,Y,Y,Publicatie,Y,Rijksuniversiteit Groningen,-,https://github.com/kroncrv/vastgoedboeken/blob/main/rapporten/Midden-Groningen%2C%20Oldambt%2C%20Veendam%2C%20Westerkwartier%2C%20Het%20Hogeland.pdf,Ja,Ja,nvt,Ja,Ja,Ja,Ja,Nee,Nee
Veenendaal,GM0345,Utrecht,7,,,Y,Y,Beperkt vooronderzoek,N,Gemeente,-,,,,,,,,,,
Veere,GM0717,Zeeland,1,,,,,,,,,,,,,,,,,,
Velsen,GM0453,Noord-Holland,19,,Y,Y,Y,Publicatie,Y,Radboud Universiteit (Advies & Actualiteit),-,https://github.com/kroncrv/vastgoedboeken/blob/main/rapporten/Aalsmeer%2C%20Amstelveen%2C%20Beverwijk%2C%20Bloemendaal%2C%20Haarlemmermeer%2C%20Heemskerk%2C%20Heemstede%2C%20Uitgeest%2C%20Uithoorn%2C%20Velsen%2C%20Zandvoort.pdf,Ja,Ja,nvt,Ja,Ja,Ja,Ja,Ja,Ja
Venlo,GM0983,Limburg,18,,Y,Y,Y,Moreel rechtsherstel,Y,Fred Cammaert,€452.500,https://github.com/kroncrv/vastgoedboeken/blob/main/rapporten/Venlo.pdf,Ja,Ja,nvt,Ja,Ja,Ja,Ja,Ja,Nee
Vijfheerenlanden,GM1961,Utrecht,2,,,,,,,,,,,,,,,,,,
Vlaardingen,GM0622,Zuid-Holland,12,,Y,Y,Y,Publicatie,N,Stadsarchief Vlaardingen,-,https://github.com/kroncrv/vastgoedboeken/blob/main/rapporten/Vlaardingen.pdf,Nee,Ja,nvt,Nee,Nee,Ja,Nee,Nee,Nee
Vlissingen,GM0718,Zeeland,6,,,Y,Y,Erkenning,Y,Radboud Universiteit (Advies & Actualiteit),-,https://github.com/kroncrv/vastgoedboeken/blob/main/rapporten/Vlissingen.pdf,Ja,Ja,nvt,Ja,Ja,Ja,Ja,Ja,Nee
Voorne aan Zee,GM1992,Zuid-Holland,12,1,Y,Y,Y,Publicatie,Y,A.A. van der Houwen,-,https://github.com/kroncrv/vastgoedboeken/blob/main/rapporten/Nissewaard%2C%20Voorne%20aan%20Zee.pdf,Ja,Ja,Ja,Ja,Nee,Ja,Nee,Ja,Nee
Voorschoten,GM0626,Zuid-Holland,4,,,Y,Y,Publicatie,Y,Radboud Universiteit (Advies & Actualiteit),-,https://github.com/kroncrv/vastgoedboeken/blob/main/rapporten/Voorschoten.pdf,Ja,Ja,nvt,Ja,Ja,Ja,Ja,Ja,Ja
Voorst,GM0285,Gelderland,10,,Y,Y,,,Y,Maarten-Jan Vos,,,,,,,,,,,
Vught,GM0865,Noord-Brabant,7,,,,,,,,,,,,,,,,,,
Waadhoeke,GM1949,Fryslân,2,,,,,,,,,,,,,,,,,,
Waalwijk,GM0867,Noord-Brabant,4,,,Y,Y,Beperkt vooronderzoek,N,Salha Mariska Heijman,-,,,,,,,,,,
Wageningen,GM0289,Gelderland,2,,,Y,Y,Beperkt vooronderzoek,N,Archivaris gemeente Wageningen,-,,,,,,,,,,
Wassenaar,GM0629,Zuid-Holland,22,,Y,Y,Y,Erkenning,Y,Radboud Universiteit (Advies & Actualiteit),-,https://github.com/kroncrv/vastgoedboeken/blob/main/rapporten/Wassenaar.pdf,Ja,Ja,nvt,Ja,Ja,Ja,Ja,Ja,Ja
Waterland,GM0852,Noord-Holland,13,,Y,Y,,,Y,Aaldrik Hermans (historicus),,,,,,,,,,,
West Betuwe,GM1960,Gelderland,15,,Y,Y,,,,,,,,,,,,,,,
Westerkwartier,GM1969,Groningen,18,,Y,Y,Y,Publicatie,Y,Rijksuniversiteit Groningen,-,https://github.com/kroncrv/vastgoedboeken/blob/main/rapporten/Midden-Groningen%2C%20Oldambt%2C%20Veendam%2C%20Westerkwartier%2C%20Het%20Hogeland.pdf,Ja,Ja,nvt,Ja,Ja,Ja,Ja,Nee,Nee
Westerveld,GM1701,Drenthe,3,,,Y,Y,Beperkt vooronderzoek,N,Gemeente,-,,,,,,,,,,
Westerwolde,GM1950,Groningen,37,,Y,Y,Y,Erkenning,Y,Rijksuniversiteit Groningen,-,https://github.com/kroncrv/vastgoedboeken/blob/main/rapporten/Eemsdelta%2C%20Pekela%2C%20Westerwolde.pdf,Ja,Ja,nvt,Ja,Ja,Ja,Ja,Nee,Nee
Westland,GM1783,Zuid-Holland,1,,,Y,Y,Beperkt vooronderzoek,N,Gemeente,-,,,,,,,,,,
Weststellingwerf,GM0098,Fryslân,1,,,,,,,,,,,,,,,,,,
Wierden,GM0189,Overijssel,8,,,Y,Y,Beperkt vooronderzoek,Y,Historische Kring Wierden + Historisch Centrum Overijssel,-,,,,,,,,,,
Wijdemeren,GM1696,Noord-Holland,4,,,,,,,,,,,,,,,,,,
Wijk bij Duurstede,GM0352,Utrecht,6,,,,,,,,,,,,,,,,,,
Winterswijk,GM0294,Gelderland,39,4,Y,Y,Y,Moreel rechtsherstel,Y,Maarten-Jan Vos (Historisch onderzoek & meer),€75.000,https://github.com/kroncrv/vastgoedboeken/blob/main/rapporten/Winterswijk.pdf,Ja,Ja,Ja,Ja,Ja,Ja,Ja,Ja,Ja
Woerden,GM0632,Utrecht,6,,,Y,Y,Beperkt vooronderzoek,N,Gemeente,-,,,,,,,,,,
Zaanstad,GM0479,Noord-Holland,32,4,Y,Y,Y,Moreel rechtsherstel,Y,Radboud Universiteit (Advies & Actualiteit),€100.000,https://github.com/kroncrv/vastgoedboeken/blob/main/rapporten/Zaanstad.pdf,Ja,Ja,Ja,Ja,Ja,Ja,Ja,Ja,Ja
Zaltbommel,GM0297,Gelderland,13,,Y,Y,Y,Publicatie,Y,Ester Vink,-,https://github.com/kroncrv/vastgoedboeken/blob/main/rapporten/Zaltbommel.pdf,Ja,Ja,nvt,Ja,Ja,Ja,Ja,Ja,Nee
Zandvoort,GM0473,Noord-Holland,33,,Y,Y,Y,Publicatie,Y,Radboud Universiteit (Advies & Actualiteit),-,https://github.com/kroncrv/vastgoedboeken/blob/main/rapporten/Aalsmeer%2C%20Amstelveen%2C%20Beverwijk%2C%20Bloemendaal%2C%20Haarlemmermeer%2C%20Heemskerk%2C%20Heemstede%2C%20Uitgeest%2C%20Uithoorn%2C%20Velsen%2C%20Zandvoort.pdf,Ja,Ja,nvt,Ja,Ja,Ja,Ja,Ja,Ja
Zeist,GM0355,Utrecht,13,,Y,Y,Y,Publicatie,Y,Maarten-Jan Vos (Historisch onderzoek & meer),-,https://github.com/kroncrv/vastgoedboeken/blob/main/rapporten/Zeist.pdf,Ja,Ja,nvt,Ja,Ja,Ja,Ja,Ja,Ja
Zevenaar,GM0299,Gelderland,23,,Y,Y,Y,Erkenning,Y,Willem Franck,-,https://github.com/kroncrv/vastgoedboeken/blob/main/rapporten/Zevenaar.pdf,Ja,Ja,nvt,Ja,Nee,Ja,Nee,Nee,Nee
Zutphen,GM0301,Gelderland,96,,Y,Y,Y,Erkenning,Y,Radboud Universiteit (Advies & Actualiteit),-,https://github.com/kroncrv/vastgoedboeken/blob/main/rapporten/Zutphen.pdf,Ja,Nee,nvt,Ja,Ja,Ja,Ja,Ja,Ja
Zwartewaterland,GM1896,Overijssel,5,,,,,,,,,,,,,,,,,,
Zwijndrecht,GM0642,Zuid-Holland,9,,,Y,,,Y,Kees Popijus,,,,,,,,,,,
Zwolle,GM0193,Overijssel,78,,Y,Y,Y,Erkenning,Y,NIOD,-,https://github.com/kroncrv/vastgoedboeken/blob/main/rapporten/Zwolle.pdf,Ja,Ja,nvt,Ja,Ja,Ja,Ja,Ja,Ja